{
    "best_epoch_train": 200,
    "best_loss_train": 0.3921820748639673,
    "best_epoch_val": 141,
    "best_loss_val": 0.7439439902540113,
    "train_losses": [
        1.620298425971662,
        1.4898969605488182,
        1.4142867992290895,
        1.3328600125416143,
        1.3124297097002389,
        1.2970181612530483,
        1.2945319411678333,
        1.2963127802030958,
        1.30024931379147,
        1.3073119588188589,
        1.3145838141810415,
        1.319483299373473,
        1.3232656217827024,
        1.326696742060753,
        1.3354867758273585,
        1.3565743454223569,
        1.4442274053768476,
        1.636940500438521,
        1.7869302704853416,
        1.80569636132818,
        1.788105615275317,
        1.752717928251615,
        1.7471085588752424,
        1.6892882563381373,
        1.573186951402048,
        1.2602933082418175,
        0.9151621569789969,
        0.7769558557046825,
        0.7488967864875085,
        0.750441176357407,
        0.7538417444263572,
        0.757938708129682,
        0.7655164050736049,
        0.7637478745512672,
        0.7525363298761586,
        0.7428301319987413,
        0.7320105040713114,
        0.7312435932203712,
        0.7366545658608585,
        0.7059352169711032,
        0.6962721926632065,
        0.6920432516664913,
        0.6878414790389216,
        0.6872546530729476,
        0.6887045882496179,
        0.676977332316193,
        0.6708957825405802,
        0.6689222365525485,
        0.6631839467275992,
        0.6544850122940922,
        0.6521679074710122,
        0.6498263302663777,
        0.6418545031449128,
        0.6341604477849907,
        0.6266741425690883,
        0.6210606728052822,
        0.615459328895998,
        0.6107112550944612,
        0.6029994904502872,
        0.6019450684757548,
        0.5960808193351462,
        0.5895081774492136,
        0.5851240360761452,
        0.5828630081517285,
        0.5770127532467384,
        0.5724238257536086,
        0.5709455377115676,
        0.5663598819229256,
        0.5638039199129838,
        0.5577814316971014,
        0.5552874344052176,
        0.5512568804255703,
        0.5477622281164085,
        0.5458269167549223,
        0.5418599677897828,
        0.5397784303031838,
        0.5377312861421406,
        0.5342236018217754,
        0.5300425194180787,
        0.5288591190203794,
        0.5252308126450569,
        0.5216198821616492,
        0.5204958337502337,
        0.5170401886213183,
        0.5150765323294452,
        0.5124897706188777,
        0.5122613587308102,
        0.5085958715439827,
        0.5077411643430298,
        0.5059905637774551,
        0.5023721691809202,
        0.5010559588393929,
        0.4992071803816824,
        0.4983568023601922,
        0.4953708992530933,
        0.493377778306219,
        0.4918896205285016,
        0.49002225249544384,
        0.4879600453979583,
        0.48688570046326446,
        0.48525327394867335,
        0.48317320883212567,
        0.48326548251205187,
        0.48187893487597644,
        0.479929269836414,
        0.47601282285955054,
        0.47711563900774356,
        0.47478819923750265,
        0.47395474213810773,
        0.4723610635020292,
        0.47064833286130886,
        0.46921603826054353,
        0.47023930979586975,
        0.4679304078698035,
        0.4667511762910829,
        0.46471051737989066,
        0.46381029120662753,
        0.4622226887996721,
        0.46195810688784494,
        0.4604943802174646,
        0.45863051907811986,
        0.4579906988008596,
        0.45609175082453757,
        0.45713326891632394,
        0.45488393863411264,
        0.453774107037683,
        0.452372916127383,
        0.4515929766791278,
        0.4490868235766211,
        0.4494390602082291,
        0.4479286493839248,
        0.4466175628274341,
        0.4455802115862584,
        0.4453499929516185,
        0.4444820004350999,
        0.4437616155612579,
        0.44130351419788394,
        0.4408801371160552,
        0.43906592252453785,
        0.4394717689515144,
        0.43847110553791646,
        0.4375975534888859,
        0.43643359881436494,
        0.4345245970907103,
        0.43372384737888725,
        0.43423948799124445,
        0.43231900370034887,
        0.4304328575284365,
        0.4302224201622147,
        0.4290644426217881,
        0.428241186897329,
        0.4285061314194564,
        0.426511988797301,
        0.4264638239077616,
        0.4241558773475781,
        0.4247042307605192,
        0.4234806874957247,
        0.4213702320683482,
        0.42066705386828096,
        0.4206467882275458,
        0.41822966973232906,
        0.41802938176382437,
        0.4185977468672675,
        0.41662894895202235,
        0.4163475316190867,
        0.4154018905509736,
        0.41445861315456584,
        0.4130261139050357,
        0.41227395375815706,
        0.41216295367054895,
        0.41035676165507917,
        0.41024932320642027,
        0.4094487424359356,
        0.4084705084531546,
        0.4083260144304073,
        0.4075441509946581,
        0.4068301357905562,
        0.405858295559268,
        0.40473215806348894,
        0.40488722492912854,
        0.40451874701600327,
        0.40383751584280386,
        0.40379424702272326,
        0.40287012642997216,
        0.40093644349321617,
        0.40124602260604364,
        0.39950879168830294,
        0.39918174699979175,
        0.39963039340618595,
        0.39852545597235856,
        0.39794472327419356,
        0.39748187663016304,
        0.39620097958020506,
        0.39597392780369894,
        0.39506831866668846,
        0.3956784435593061,
        0.3944554295394689,
        0.39289140602875544,
        0.39325023217220917,
        0.3921820748639673
    ],