{
    "best_epoch_train": 196,
    "best_loss_train": 0.5217265719845814,
    "best_epoch_val": 198,
    "best_loss_val": 1.3883438892051823,
    "train_losses": [
        2.8598979875153185,
        2.8305668117338167,
        2.7466983229260205,
        2.7539840367064263,
        2.7538078493132065,
        2.6745994537607434,
        2.5977397602286008,
        2.436658512328062,
        2.262637971232427,
        2.3083073566326537,
        2.2834435997855675,
        2.230743869293339,
        2.1345600982199513,
        2.0738513539819157,
        1.9856930101373,
        1.9112432315499668,
        1.8311766368808884,
        1.7787548857207638,
        1.7178368198121172,
        1.6675133523065115,
        1.6106397367483323,
        1.5806181152784664,
        1.5274557919694174,
        1.4823580227400128,
        1.4517814469042207,
        1.412955830463807,
        1.3722232617706953,
        1.3614166562894303,
        1.3134296515531707,
        1.294987060829336,
        1.2509739951944696,
        1.2317828097456627,
        1.196790663696541,
        1.1788612246144297,
        1.154805789729513,
        1.1340546325018286,
        1.1122962632538487,
        1.094576618681259,
        1.0719703277813268,
        1.055144333987044,
        1.0340554253481735,
        1.0222221606164033,
        1.0007868569701819,
        0.988589508860719,
        0.9783140038312158,
        0.9653418172377674,
        0.946819289980535,
        0.9382866671456888,
        0.9210223484826654,
        0.9084527263085294,
        0.9005337393812843,
        0.8891960611284333,
        0.8820439794238261,
        0.8673106086266422,
        0.8626798669989264,
        0.8509032407658265,
        0.842381267171157,
        0.8378841468547273,
        0.8325525822408182,
        0.818530093774707,
        0.8112055950858644,
        0.8068939395118178,
        0.7909887874089527,
        0.7908780413023335,
        0.7840216295760974,
        0.7815599817978708,
        0.7775074318589564,
        0.7612706547059018,
        0.7651661397010795,
        0.7539768036304981,
        0.7476638466950172,
        0.7457834659346116,
        0.740454797589742,
        0.7334358175472578,
        0.7385506907975834,
        0.7272472877989612,
        0.7213199572912556,
        0.7175050116114327,
        0.7159040239327217,
        0.7125989134097616,
        0.71140152517364,
        0.7016067655893549,
        0.6992567983697197,
        0.6919550814803294,
        0.6925256521709194,
        0.6877754771980092,
        0.6875872588010026,
        0.6860918306406314,
        0.6736137752870042,
        0.6759801072417398,
        0.669051163828902,
        0.6737986506569373,
        0.6657600056214721,
        0.6641099003630895,
        0.661334660277155,
        0.6591970446309069,
        0.65450538170473,
        0.653783775581541,
        0.6491393260542453,
        0.6490955645885507,
        0.6450508506920561,
        0.6458110920354432,
        0.640687706885077,
        0.6389054720000709,
        0.6357851973874158,
        0.633317395444994,
        0.6306105296678218,
        0.6306032207174567,
        0.630691338311285,
        0.6241117531916183,
        0.6266408565428235,
        0.6226000435519636,
        0.6176404809681132,
        0.6193874637039822,
        0.6159451006920345,
        0.6129311630108285,
        0.6140969691200276,
        0.603978809188394,
        0.6053520016933496,
        0.6061948763266191,
        0.6051289980195009,
        0.6039960100800875,
        0.603023157584778,
        0.5986187392528581,
        0.5979328703277498,
        0.5944609042291671,
        0.5954437201729254,
        0.5897383051390988,
        0.5888340560213823,
        0.5939752409701746,
        0.5915920659669044,
        0.5913864692790344,
        0.5860073460021871,
        0.5826506869342674,
        0.5866995030327847,
        0.5814735246947184,
        0.5799354353248766,
        0.5812867542476969,
        0.5808650578753743,
        0.5778173593606251,
        0.5732752851780477,
        0.5744932738312504,
        0.5770201072542783,
        0.5694636510314095,
        0.5729473963979597,
        0.5723523565859249,
        0.569771538301149,
        0.5707838842866344,
        0.5669510443267193,
        0.5676043244276745,
        0.5647040580940443,
        0.56550637425776,
        0.5626378752929384,
        0.5597920953243264,
        0.5593270540421962,
        0.557667489299095,
        0.5612152628177706,
        0.5578954013447028,
        0.5586490058431438,
        0.5548189579210291,
        0.5559521106189987,
        0.5504981034249836,
        0.5496278669996527,
        0.5524062967337322,
        0.5507275440006433,
        0.5477881920596025,
        0.5520056401551446,
        0.5464806035084129,
        0.5452727958083275,
        0.5469824724030077,
        0.5463540602333159,
        0.5450283422743204,
        0.5435993396153268,
        0.546511476684527,
        0.5435051728881919,
        0.5409267114781005,
        0.5392506116130403,
        0.5378484424238235,
        0.5376807040043783,
        0.539833593479251,
        0.5337933525827524,
        0.5352214917740462,
        0.5344272403217568,
        0.5332115613024055,
        0.5324309695554346,
        0.5331141387099945,
        0.529636353654143,
        0.5372909076504171,
        0.5307052583271259,
        0.5271761406316846,
        0.5287617856196452,
        0.525899259852182,
        0.5296295441464128,
        0.5267892069614831,
        0.5273924475791407,
        0.5217265719845814,
        0.5266198431928829,
        0.5228091504490167,
        0.523406749416308,
        0.5235721115234343
    ],