{
    "best_epoch_train": 192,
    "best_loss_train": 0.41703075616475355,
    "best_epoch_val": 43,
    "best_loss_val": 0.7005579901523278,
    "train_losses": [
        1.433097801587407,
        1.3617508930564541,
        1.2892479668952854,
        1.211603020920473,
        1.0984560293063783,
        0.9880942550975103,
        0.8901298268783695,
        0.8321750189866813,
        0.7869863091853627,
        0.7516405846927434,
        0.7205732253805894,
        0.6914843935346455,
        0.6685254646098036,
        0.648835868043181,
        0.6324627981035825,
        0.616530224019652,
        0.6047080967140886,
        0.5969723554403051,
        0.5860325523082194,
        0.5785252993505436,
        0.5732429270220246,
        0.5681676352233217,
        0.5591443903798043,
        0.5542791429810972,
        0.5489257686955026,
        0.5460958517741862,
        0.5412162771781039,
        0.5391652837503313,
        0.5345000242670254,
        0.53069136417072,
        0.5272783161255351,
        0.5244899330001375,
        0.5223221681066342,
        0.5166863535825928,
        0.5155823699768606,
        0.5133616265497709,
        0.5105144870847125,
        0.5075843535955722,
        0.5050451862861252,
        0.5020083023852239,
        0.5002289803158511,
        0.49897776493347096,
        0.49432861039143966,
        0.4950893881458739,
        0.49158254068948415,
        0.4909682506378221,
        0.489012283099079,
        0.4858644773839551,
        0.4848480417755489,
        0.4853513601886722,
        0.4834112679072578,
        0.48235937279444363,
        0.4813503523975211,
        0.47847273542908075,
        0.4772791448515389,
        0.4751859005267652,
        0.4758323946788953,
        0.4732192299560374,
        0.4727992390208446,
        0.4720951188951577,
        0.47109049721645,
        0.4687781904750072,
        0.4671029909537919,
        0.4670287872308056,
        0.466370107865555,
        0.4671048308550635,
        0.46473252579523683,
        0.46441009877512945,
        0.4624406072254397,
        0.46060107825218216,
        0.459127160694577,
        0.45884780252065943,
        0.4586063608358027,
        0.4577157423899762,
        0.4560692712310913,
        0.4576273328625627,
        0.4570395672468947,
        0.45480925149223755,
        0.45215852526319283,
        0.4530007874264437,
        0.45200485959879755,
        0.4515728189603217,
        0.450227849654492,
        0.45086452257276444,
        0.4495054508325854,
        0.44841078089855774,
        0.4480049473274849,
        0.44737336710018516,
        0.44798046215153825,
        0.4465370347379285,
        0.44570755567959097,
        0.4445260483291004,
        0.4437879204627038,
        0.44409212079456595,
        0.4424571810122983,
        0.443461337787079,
        0.4421290295780997,
        0.442659107647198,
        0.4404170649708609,
        0.44037932769555915,
        0.43892382222186427,
        0.43776270694899977,
        0.43996400572936234,
        0.4390647823473494,
        0.43762118131752725,
        0.4369401315109895,
        0.4371118556296739,
        0.4364780206367819,
        0.43500773859343905,
        0.43511675256693694,
        0.43521788704013925,
        0.43452680258559,
        0.4338514366263084,
        0.43382696510591495,
        0.4329442413537249,
        0.43312227802872044,
        0.43268053881032054,
        0.4327897161891217,
        0.4308323317944573,
        0.43074196177247387,
        0.431870396968873,
        0.43016181149595906,
        0.4300684804333253,
        0.4307217772038974,
        0.4307733382664475,
        0.4282000011642405,
        0.42773239955813525,
        0.42932842427362966,
        0.4289555808585003,
        0.42776285224162636,
        0.426245402348669,
        0.4278476949631245,
        0.42674272646598893,
        0.4256207614798787,
        0.424608320674414,
        0.42677363405778806,
        0.42634783803617005,
        0.4264744962147515,
        0.42430369603621576,
        0.4238271994056839,
        0.42490296294937685,
        0.42442671070403976,
        0.42344950054944236,
        0.4236340833399195,
        0.4235525988695914,
        0.42342713207652327,
        0.4220843253305453,
        0.42376471091719237,
        0.42212997762903465,
        0.4228648539052044,
        0.4241814410354331,
        0.42265467110433075,
        0.4220791034654198,
        0.4215913535825239,
        0.4225179967311883,
        0.4198301279815481,
        0.41992760713378463,
        0.4211263402881268,
        0.4218605549465884,
        0.4205106124358773,
        0.42068311701249045,
        0.42096059487208,
        0.41989283071459876,
        0.41963142141223075,
        0.4220843702031855,
        0.41969539552650215,
        0.41901751857546954,
        0.4193237333167325,
        0.4191420606968942,
        0.419841762512953,
        0.419434948479305,
        0.419247356361649,
        0.41807148746292655,
        0.41847758402642327,
        0.4205187404118824,
        0.4194435040525116,
        0.41950538717556296,
        0.4203634688359665,
        0.4188952190711156,
        0.4189644945233722,
        0.4192114864525042,
        0.41984847298716615,
        0.4188859829346585,
        0.4170451758446708,
        0.4175703410824263,
        0.41764813962981673,
        0.41814526165109916,
        0.41731065622424196,
        0.41851444820747535,
        0.41851675202848987,
        0.4171556221442326,
        0.41703075616475355,
        0.4173427474511051,
        0.4189043313234091,
        0.41786015221332,
        0.41873082044939014,
        0.4183125904654571,
        0.4186348848975234,
        0.4191221662780695,
        0.4175116254018679
    ],