{
    "best_epoch_train": 165,
    "best_loss_train": 1.015090220729879,
    "best_epoch_val": 54,
    "best_loss_val": 1.583611469776904,
    "train_losses": [
        3.278954643460127,
        3.383730221828071,
        3.1005293688168836,
        3.100621080250932,
        3.0800920647364283,
        3.0696781530468824,
        3.010394902667271,
        3.0666317034309003,
        3.1667532475494133,
        2.998897503281033,
        2.9578483188361453,
        3.0778321434961877,
        2.8741561355236516,
        2.7435442116976523,
        2.686664252089273,
        2.615653531839235,
        2.4386494580437157,
        2.372024376325932,
        2.292266298619832,
        2.2380746169971117,
        2.1906544462200044,
        2.1241277332030335,
        2.0189539175653604,
        1.9193475125866901,
        1.8860312647371715,
        1.8476963885920459,
        1.7932158270610499,
        1.7438086139651399,
        1.7161433621702795,
        1.6627149009852218,
        1.642909617984996,
        1.6034858524491789,
        1.5671808369019453,
        1.5368027783030695,
        1.4996368180118478,
        1.479023815923677,
        1.4311530035223632,
        1.4036873855827023,
        1.3721876319101844,
        1.3578457265200383,
        1.3274027240165616,
        1.2971915889942731,
        1.2773748520604105,
        1.2462126613278384,
        1.2353361594049554,
        1.214235132077653,
        1.2004580967689569,
        1.1845570961388272,
        1.1758893698730706,
        1.1604529057001798,
        1.1609200831537276,
        1.1386180904504561,
        1.1548473560035044,
        1.126218782612906,
        1.1197914556207056,
        1.1167288070738746,
        1.1063934648861211,
        1.1158281925169922,
        1.1061136346729423,
        1.0943336024865031,
        1.1088502926231045,
        1.0876684126101042,
        1.1028103627287567,
        1.0995883198591454,
        1.0847728262867844,
        1.0775683100870643,
        1.0844998933582484,
        1.0784415119818735,
        1.0856406833857328,
        1.0757104598208724,
        1.063675950862798,
        1.0745407569888206,
        1.0654183139618951,
        1.0856128337459545,
        1.0838774842497487,
        1.068393975527048,
        1.0732074962434877,
        1.0703393874768747,
        1.068459342384732,
        1.080888946420514,
        1.0707861703615809,
        1.069079444073794,
        1.0611552074474693,
        1.0580436109389313,
        1.0627917491122543,
        1.0674427958095776,
        1.0594921099758248,
        1.0704804225233686,
        1.0569937827663403,
        1.0589896152632154,
        1.0576273014055808,
        1.0601745047313387,
        1.0691803256424588,
        1.0588325795374418,
        1.0450720492408248,
        1.0578731192031758,
        1.0589757868010932,
        1.0486773743964077,
        1.0563590831677858,
        1.0402723483133858,
        1.0476231079229505,
        1.0491563019614716,
        1.0352866132315959,
        1.0559127766281458,
        1.0394889835971797,
        1.0417476353630561,
        1.0446613041609065,
        1.0365598865460808,
        1.0393132095612485,
        1.0506177111552841,
        1.0410718793593448,
        1.0437392736982143,
        1.0319790824771051,
        1.0414284356361325,
        1.0325903267560237,
        1.0492865323282248,
        1.0410595821030246,
        1.0313968581557889,
        1.0374950064717186,
        1.0372470279596169,
        1.0326376420794625,
        1.038400393213896,
        1.0297649710663086,
        1.0362185747261756,
        1.0413115343196226,
        1.0266422126192303,
        1.0408330426250572,
        1.0423393132024752,
        1.0340527718035184,
        1.019905272775144,
        1.0297693807643264,
        1.0227509612146424,
        1.0277559147653688,
        1.0286823479137677,
        1.0272524626262416,
        1.0325814853388704,
        1.032127796988492,
        1.03129589200881,
        1.024737442671576,
        1.041524277259937,
        1.0261558863892768,
        1.0391405555116873,
        1.0235434824714227,
        1.031158589357193,
        1.0347855353133966,
        1.0170789399752307,
        1.0339730095322042,
        1.0252293444885434,
        1.0336324467378504,
        1.0194894768628298,
        1.0174277693617577,
        1.0302947146358628,
        1.041877849982865,
        1.0432949611769127,
        1.0454570227855253,
        1.042216558697546,
        1.0259610010989557,
        1.032489426426351,
        1.0247586480850284,
        1.0278420729410784,
        1.040440372023174,
        1.031520940386474,
        1.0246907806002812,
        1.0333565889989382,
        1.015090220729879,
        1.026466777819229,
        1.0437487334904902,
        1.050857633198501,
        1.0327140638456749,
        1.0415420842859644,
        1.037333177216159,
        1.0335615687572057,
        1.0467107412246728,
        1.0406328022049431,
        1.0419254259920465,
        1.0450299572280317,
        1.0471227288369178,
        1.044481610304554,
        1.0479434759378188,
        1.04575547529817,
        1.0527582335890384,
        1.0557120686591102,
        1.0503684798999469,
        1.051011605774532,
        1.0422226940392219,
        1.0503541789679827,
        1.057720078341855,
        1.0555965260086413,
        1.0518336978859208,
        1.0637103786040385,
        1.0548448426681651,
        1.055285095799449,
        1.063164220198266,
        1.0561174237937259,
        1.0595352282465058,
        1.0727766063314228,
        1.0711422790191738,
        1.0798607157356845,
        1.0844826860078471,
        1.0759693371253116
    ],